id,title,short_title,year,country
1,'Shiri','shiri',1999,'South Korea'
2,'Nowhere to Hide','nowhere2hide',1999,'South Korea'
3,'Evil Dead','evildead',1983,'U.S.'
4,'Crouching Tiger, Hidden Dragon','cthd',2000,'China / Hong Kong / Taiwan / U.S.'
5,'Oh Brother, Where Art Thou?','obwat',2000,'U.S.'
6,'Cider House Rules','ciderhouse',1999,'U.S.'
7,'Gen-X Cops','genxcops',1999,'Hong Kong'
8,'Miracles','miracles',1989,'Hong Kong'
9,'The Buddhist Fist','buddhistfist',1979,'Hong Kong'
10,'Mafia.com','mafia',2000,'Hong Kong'
11,'Drunken Master II','dm2',1994,'Hong Kong'
12,'Nosferatu','nosferatu',1922,'Germany'
13,'Iron Monkey','monkey',1993,'Hong Kong'
14,'Dr. Wai and the Scripture with No Words','drwai',1996,'Hong Kong'
15,'Dune','dune',1984,'U.S.'
16,'Almost Famous','almostfamous',2000,'U.S.'
17,'Office Space','officespace',1999,'U.S.'
18,'Once a Thief','onceathief',1991,'Hong Kong'
19,'Kids From Shaolin','st2',1983,'China'
20,'Nine to Five','9to5',1980,'U.S.'
21,'Ghost Dog: The Way of the Samurai','ghostdog',1999,'U.S.'
22,'Enter the Dragon','enterdragon',1973,'Hong Kong'
23,'Killer of Snakes, Fox of Shaolin','killersnakes',1976,'Hong Kong'
24,'The Savage Garden','savagegarden',1997,'U.S.'
25,'Traffic','traffic',2000,'U.S.'
26,'Fist of Legend','fistlegend',1994,'Hong Kong'
27,'Girlfight','girlfight',2000,'U.S.'
28,'The Accidental Spy','accidental',2001,'Hong Kong'
29,'A Touch of Zen','xianu',1971,'Taiwan'
30,'Enemy at the Gates','enemygates',2001,'U.S.'
31,'A Chinese Ghost Story','cgs',1987,'Hong Kong'
32,'Land and Freedom','landnfreedom',1995,'Italy / Spain / U.K. / Germany'
33,'Bread and Roses','breadnroses',2000,'U.K. / France / Germany / Spain / Switzerland'
34,'Shrek','shrek',2001,'U.S.'
35,'Leon: The Professional','leon',1994,'France / U.S.'
36,'The Family Man','pieceofshit',2000,'U.S.'
37,'Apocalypse Now Redux','apocalypse',1979,'U.S.'
38,'Le Grand Nord: la Migration des Rennes','legrandnord',2000,'Canada'
39,'Miss Congeniality','misscongeniality',2000,'U.S.'
40,'Chocolat','chocolat',2000,'U.K. / U.S.'
41,'El Ataque de Los Muertos Sin Ojos (aka, The Return of the Blind Dead)','blinddead2',1973,'Spain'
42,'Escape from New York','escapeny',1981,'U.S.'
43,'Fight Club','fightclub',1999,'U.S.'
44,'Six String Samurai','sixstring',1998,'U.S.'
45,'Dancer in the Dark','dancer',2000,'Denmark'
46,'Youjuu Toshi (aka, Wicked City)','wickedcityanime',1987,'Japan'
47,'Rush Hour','rushhour',1998,'U.S.'
48,'I Spit On Your Grave (aka, Day of the Woman)','ispit',1978,'U.S.'
49,'Say Anything...','sayanything',1989,'U.S.'
50,'The Fifth Element','fifth',1997,'France / U.S.'
51,'The Big Hit','bighit',1998,'U.S.'
52,'Kiss of the Dragon','kotd',2001,'France'
53,'Big Trouble in Little China','btilc',1986,'U.S.'
54,'Bully','bully',2001,'U.S.'
55,'Lumumba','lumumba',2000,'France / Belgium / Germany / Haiti'
56,'Conan the Destroyer','conandestroyer',1984,'U.S.'
57,'Yojimbo','yojimbo',1961,'Japan'
58,'Planet of the Apes','planet',2001,'U.S.'
59,'Blue Collar','bluecollar',1978,'U.S.'
60,'Rush Hour 2','rushhour2',2001,'U.S.'
61,'Sanjuro','sanjuro',1962,'Japan'
62,'Unbreakable','unbreakable',2000,'U.S.'
63,'Muppets in Space','muppetsinspace',1999,'U.S.'
64,'Dungeons & Dragons','dnd',2000,'U.S. / Czech Republic'
65,'Ghostbusters','ghostbusters',1984,'U.S.'
66,'Shichinin no Samurai (aka, Seven Samurai)','shichinin',1954,'Japan'
67,'Iron Monkey','ironmonkey',1993,'Hong Kong'
68,'Angela\'s Ashes','angelasashes',1999,'Ireland / U.S.'
69,'Temptation of a Monk','temptation',1993,'Hong Kong'
70,'Bedhead','bedhead',1991,'U.S.'
71,'El Mariachi','mariachi',1992,'Mexico / U.S.'
72,'Desperado','desperado',1995,'U.S.'
73,'Flowers of Shanghai','flowersofshanghai',1998,'Taiwan'
74,'Tron','tron',1982,'U.S.'
75,'Mad Max','madmax',1979,'Australia'
76,'Mononoke Hime (aka, Princess Mononoke)','mononoke',1997,'Japan'
77,'Jay and Silent Bob Strike Back','jaynsilentbob',2001,'U.S.'
78,'Snatch','snatch',2000,'U.K.'
79,'The Shining','shining',1980,'U.K.'
80,'Maboroshi no Hikari (aka, Maborosi)','maboroshi',1995,'Japan'
81,'Groundhog Day','groundhogday',1993,'U.S.'
82,'Excalibur','excalibur',1981,'U.S.'
83,'Snake in the Eagle\'s Shadow','sies',1978,'Hong Kong'
84,'Zu: Warriors from the Magic Mountain','zu',1983,'Hong Kong'
85,'The Truth About Jane &amp; Sam','truth',1999,'Hong Kong'
86,'Inspector Wears Skirts','inspector',1988,'Hong Kong'
87,'Ashes of Time','ashesoftime',1994,'Hong Kong'
88,'Top Secret!','topsecret',1984,'U.S.'
89,'Twinkle Twinkle Lucky Star','twinkle',1996,'Hong Kong'
90,'Young and Dangerous','younganddangerous',1995,'Hong Kong'
91,'The Last Dragon','lastdragon',1985,'U.S.'
92,'The Muppet Movie','muppetmovie',1979,'U.S.'
93,'Molly','molly',1999,'U.S.'
94,'Donggam (aka, Ditto)','ditto',2000,'South Korea'
95,'Juliet in Love','juliet',2000,'Hong Kong'
96,'Victim','victim',1999,'Hong Kong'
97,'Rosencrantz and Guildenstern Are Dead','rosencrantz',1990,'U.K. / U.S.'
98,'Spacked Out','spackedout',2000,'Hong Kong'
99,'Clerks','clerks',1994,'U.S.'
100,'Erik the Viking','eriktheviking',1989,'U.K. / Sweden'
101,'He\'s a Woman, She\'s a Man','hesawoman',1994,'Hong Kong'
102,'Interview','interview',2000,'South Korea'
103,'China Strike Force','chinastrikeforce',2000,'Hong Kong'
104,'Kippur','kippur',2000,'Israel / France'
105,'Rumble in the Bronx','rumble',1995,'Hong Kong / Canada'
106,'Attack the Gas Station!','attackthegasstation',1999,'South Korea'
107,'Evolution','evolution',2001,'U.S.'
108,'Shaolin Soccer','shaolinsoccer',2001,'Hong Kong'
109,'The One','theone',2001,'U.S.'
110,'Le Fabuleux destin d\'Amelie Poulain','amelie',2001,'France / Germany'
111,'Wu Yen','wuyen',2001,'Hong Kong'
112,'Memento Mori','mementomori',1999,'Kyrgyzstan / South Korea'
113,'Champions Forever','championsforever',1989,'U.S.'
114,'Running Out of Time','runningoutoftime',1999,'Hong Kong'
115,'A Hero Never Dies','heroneverdies',1998,'Hong Kong'
116,'Audition','audition',1999,'Japan'
117,'High Fidelity','highfidelity',2000,'U.S.'
118,'Prodigal Son','prodigalson',1983,'Hong Kong'
119,'Boxing\'s Best: Muhammad Ali','boxingsbest',1989,'U.S.'
120,'Indecent Proposal','indecentproposal',1993,'U.S.'
121,'The God of Cookery','godofcookery',1996,'Hong Kong'
122,'Billy Elliot','billyelliot',2000,'U.K.'
123,'Metade Fumaca','metadefumaca',1999,'Hong Kong'
124,'The Wicked City','wickedcity',1992,'Hong Kong'
125,'Pretty In Pink','prettyinpink',1986,'U.S.'
126,'Gojira (aka, Godzilla)','gojira',1954,'Japan'
127,'Feel 100%','feel100',1996,'Hong Kong'
128,'Conan the Barbarian','conan',1982,'U.S.'
129,'The One Armed Boxer Vs. The Flying Guillotine (aka, Master of the Flying Guillotine)','flyingguillotine',1975,'Hong Kong'
130,'Robocop','robocop',1987,'U.S.'
131,'Tao no Tsuki (aka, Moon over Tao - Makaraga)','moonovertao',1997,'Japan'
132,'Moon Warriors','moonwarriors',1993,'Hong Kong'
133,'The Lord of the Rings: The Fellowship of the Ring','fellowship',2001,'New Zealand'
134,'10 Things I Hate About You','tenthings',1999,'U.S.'
135,'Dead Man','deadman',1995,'U.S.'
136,'Waking Ned Devine','wakingned',1998,'Ireland / U.K.'
137,'Ocean\'s Eleven','oceanseleven',2001,'U.S.'
138,'Evil Dead II','evildead2',1987,'U.S.'
139,'Army of Darkness','armyofdarkness',1993,'U.S.'
140,'Ali','ali',2001,'U.S.'
141,'Of Mice and Men','ofmiceandmen',1992,'U.S.'
142,'Monsters, Inc.','monstersinc',2001,'U.S.'
143,'The Terminator','terminator',1984,'U.S.'
144,'Le Pacte des Loups (aka, Brotherhood of the Wolf)','lepactedesloups',2001,'France'
145,'Blade','blade',1998,'U.S.'
146,'Time and Tide','timeandtide',2000,'Hong Kong'
147,'Titan A.E.','titanae',2000,'U.S.'
148,'Being John Malkovich','beingjohn',1999,'U.S.'
149,'Bridget Jones\'s Diary','bridgetjones',2001,'U.K.'
150,'X-Men','xmen',2000,'U.S.'
151,'The Sword','thesword',1980,'Hong Kong'
152,'The Legend of Zu','legendofzu',2001,'Hong Kong'
153,'Firestarter','firestarter',1984,'U.S.'
154,'Bullets Over Summer','bulletsoversummer',1999,'Hong Kong'
155,'King of Beggars','kingofbeggars',1992,'Hong Kong'
156,'The Karate Kid','karatekid',1984,'U.S.'
157,'Beyond The Mat','beyondthemat',1999,'U.S.'
158,'Forbidden City Cop','forbiddencitycop',1996,'Hong Kong'
159,'Payback','payback',1999,'U.S.'
160,'Miyamoto Musashi (aka, Samurai 1)','miyamotomusashi1',1954,'Japan'
161,'Ghost World','ghostworld',2001,'U.S.'
162,'Royal Warriors','royalwarriors',1986,'Hong Kong'
163,'Drunken Master III','drunkenmaster3',1994,'Hong Kong'
164,'Miyamoto Musashi: Ichijoji no Ketto (aka, Samura 2: Duel at Ichijoji Temple)','miyamotomusashi2',1955,'Japan'
165,'Beyond Hypothermia','beyondhypothermia',1996,'Hong Kong'
166,'Memento','memento',2000,'U.S.'
167,'The 13th Warrior','13thwarrior',1999,'U.S.'
168,'Spy Kids','spykids',2001,'U.S.'
169,'Mr. Vampire','mrvampire',1985,'Hong Kong'
170,'Black Cat','blackcat',1991,'Hong Kong'
171,'Amores Perros','amoresperros',2000,'Mexico'
172,'Miyamoto Musashi: Kett&#244; Ganry&#251;-jima (aka, Samurai III: Duel at Ganryu Island)','miyamotomusashi3',1956,'Japan'
173,'Pygmalion','pygmalion',1938,'U.K.'
174,'The Mummy Returns','mummyreturns',2001,'U.S.'
175,'New Dragon Inn','newdragoninn',1992,'Hong Kong'
176,'Y Tu Mam&#225; Tambi&#233;n','ytumamatambien',2001,'Mexico'
177,'Gattaca','gattaca',1997,'U.S.'
178,'Riding in Cars with Boys','ridingincars',2001,'U.S.'
179,'A Chinese Ghost Story II','cgs2',1990,'Hong Kong'
180,'Vampire Hunter D: Bloodlust','bloodlust',2000,'Japan'
181,'Bungee Jumping of their Own','bungeejumping',2001,'South Korea'
182,'Bill &amp; Ted\'s Excellent Adventure','billandteds',1989,'U.S.'
183,'In the Mood for Love','inthemoodforlove',2000,'Hong Kong'
184,'Kikujiro no Natsu','kikujirononatsu',1999,'Japan'
185,'Mallrats','mallrats',1995,'U.S.'
186,'Songcatcher','songcatcher',1999,'U.S.'
187,'The Soong Sisters','soongsisters',1997,'Hong Kong'
188,'The Discreet Charm of the Bourgeoisie','discreetcharm',1972,'France'
189,'Bichunmoo','bichunmoo',2000,'South Korea'
190,'The Scorpion King','scorpionking',2002,'U.S.'
191,'Rififi','rififi',1955,'France'
192,'No Man\'s Land','nomansland',2001,'Bosnia-Herzegovina'
193,'Full Metal Jacket','fullmetaljacket',1987,'U.S.'
194,'Chingu (aka, Friend)','friend',2001,'South Korea'
195,'Marathon Man','marathonman',1976,'U.S.'
196,'Hudson Hawk','hudsonhawk',1991,'U.S.'
197,'Spider-Man','spiderman',2002,'U.S.'
198,'Pitch Black','pitchblack',2000,'Australia'
199,'Dr. No','drno',1962,'U.K.'
200,'Help!!!','help',2000,'Hong Kong'
201,'Sgt. Kabukiman N.Y.P.D.','sgtkabukiman',1990,'U.S.'
202,'Gunmen','gunmen',1988,'Hong Kong'
203,'Donnie Darko','donniedarko',2001,'U.S.'
204,'Ferris Bueller\'s Day Off','ferrisbueller',1986,'U.S.'
205,'Mr. Deeds Goes to Town','mrdeedsgoestotown',1936,'U.S.'
206,'Star Wars: Episode II - Attack of the Clones','episode2',2002,'U.S.'
207,'Training Day','trainingday',2001,'U.S.'
208,'Erotic Ghost Story','eroticghosts',1990,'Hong Kong'
209,'Needing You','needingyou',2000,'Hong Kong'
210,'Tokyo Raiders','tokyoraiders',2000,'Hong Kong'
211,'The Man Who Would Be King','manwhowouldbeking',1975,'U.K.'
212,'Bram Stoker\'s Dracula','dracula',1992,'U.S.'
213,'C\'est La Vie, Mon Cheri','cestlavie',1993,'Hong Kong'
214,'Salt of the Earth','saltoftheearth',1954,'U.S.'
215,'Happy Gilmore','happygilmore',1996,'U.S.'
216,'God of Gamblers','godofgamblers',1989,'Hong Kong'
217,'Branded To Kill','brandedtokill',1967,'Japan'
218,'King of Comedy','kingofcomedy',1999,'Hong Kong'
219,'Go Tell It On the Mountain','gotellitonthemountain',1984,'U.S.'
220,'Harvey','harvey',1950,'U.S.'
221,'UHF','uhf',1989,'U.S.'
222,'Metropolis','metropolis',2001,'Japan'
223,'The Longest Nite','longestnite',1997,'Hong Kong'
224,'Sunshine State','sunshinestate',2002,'U.S.'
225,'Three Kings','threekings',1999,'U.S.'
226,'A Chinese Ghost Story III','cgs3',1991,'Hong Kong'
227,'Double Tap','doubletap',2000,'Hong Kong'
228,'The Iron Giant','irongiant',1999,'U.S.'
229,'Samehada Otoko to Momojiri Onna (aka, Shark Skin Man and Peach Hip Girl)','samehada',1998,'Japan'
230,'The Bourne Identity','bourneidentity',2002,'U.S.'
231,'Mulholland Drive','mulhollanddrive',2001,'U.S.'
232,'Boys Don\'t Cry','boysdontcry',1999,'U.S.'
233,'Akira','akira',1988,'Japan'
234,'Das Boot','dasboot',1981,'West Germany'
235,'The Usual Suspects','usualsuspects',1995,'U.S.'
236,'Lagaan: Once Upon a Time in India','lagaan',2001,'India'
237,'Mr. Nice Guy','mrniceguy',1997,'Hong Kong'
238,'Focus','focus',2001,'U.S.'
239,'La Brassiere','labrassiere',2001,'Hong Kong'
240,'John Q','johnq',2002,'U.S.'
241,'Akai hashi no shita no nurui mizu (aka, Warm Water Under a Red Bridge)','akaihashinoshitano',2001,'Japan'
242,'Ghost in Love','ghostinlove',1999,'South Korea'
243,'Beast Cops','beastcops',1998,'Hong Kong'
244,'Pedicab Driver','pedicabdriver',1989,'Hong Kong'
245,'Straw Dogs','strawdogs',1971,'U.K.'
246,'Dragonheart: A New Beginning','dragonheart2',2000,'U.S.'
247,'Men In Black','mib',1997,'U.S.'
248,'Shura Yukihime (aka, Princess Blade)','shurayukihime2001',2001,'Japan'
249,'The Night of the Hunter','nightofthehunter',1955,'U.S.'
250,'Monster\'s Ball','monstersball',2001,'U.S.'
251,'Time Bandits','timebandits',1981,'U.K.'
252,'Dayereh (aka, The Circle)','circle',2000,'Iran'
253,'Life as a House','lifeasahouse',2001,'U.S.'
254,'George Washington','georgewashington',2000,'U.S.'
255,'Martial Angels','martialangeles',2001,'Hong Kong'
256,'Ore ni Sawaru to Abunai Ze (aka, The Black-Tight Killers)','orenisawaru',1966,'Japan'
257,'Tokyo Eyes','tokyoeyes',1998,'Japan'
258,'Battle Royale','battleroyale',2000,'Japan'
259,'Versus','versus',2000,'Japan'
260,'Comrades, Almost a Love Story','comrades',1996,'Hong Kong'
261,'Big Deal on Madonna Street','bigdeal',1958,'Italy'
262,'Koroshiya Ichi (aka, Ichi the Killer)','ichithekiller',2001,'Japan'
263,'Titus','titus',1999,'U.S.'
264,'Hackers','hackers',1995,'U.S.'
265,'Men At Work','menatwork',1990,'U.S.'
266,'The Killer','thekiller',1989,'Hong Kong'
267,'Friday','friday',1995,'U.S.'
268,'Wag the Dog','wagthedog',1997,'U.S.'
269,'Blue Crush','bluecrush',2002,'U.S.'
270,'A Man Called Hero','mancalledhero',1999,'Hong Kong'
271,'Ronin','ronin',1998,'U.S.'
272,'Lord Jim','lordjim',1965,'U.K.'
273,'The Tuxedo','thetuxedo',2002,'U.S.'
274,'Hard-Boiled','hardboiled',1992,'Hong Kong'
275,'Taxi Driver','taxidriver',1976,'U.S.'
276,'The Transporter','thetransporter',2002,'France'
277,'From Beijing With Love','frombeijingwithlove',1994,'Hong Kong'
278,'The 400 Blows','400blows',1959,'France'
279,'Raped by an Angel','rapedbyanangel',1993,'Hong Kong'
280,'Iris','iris',2001,'U.S. / U.K.'
281,'3 Strikes','3strikes',2000,'U.S.'
282,'High Noon','highnoon',1952,'U.S.'
283,'Love on a Diet','loveonadiet',2001,'Hong Kong'
284,'Frequency','frequency',2000,'U.S.'
285,'Heat','heat',1995,'U.S.'
286,'Blood for Dracula','bloodfordracula',1974,'Italy'
287,'Touch of Evil','touchofevil',1958,'U.S.'
288,'Bowling for Columbine','bowlingforcolumbine',2002,'U.S.'
289,'Sweet Sixteen','sweetsixteen',2002,'U.K.'
290,'Uprising','uprising',2001,'U.S.'
291,'Primal Fear','primalfear',1996,'U.S.'
292,'Shallow Hal','shallowhal',2001,'U.S.'
293,'What Women Want','whatwomenwant',2000,'U.S.'
294,'Road Trip','roadtrip',2000,'U.S.'
295,'Me, Myself &#38; Irene','memyselfirene',2000,'U.S.'
296,'All About Ah Long','allaboutahlong',1989,'Hong Kong'
297,'Space Cowboys','spacecowboys',2000,'U.S.'
298,'Mr. Deeds','mrdeeds',2002,'U.S.'
299,'Bandit Queen','banditqueen',1994,'India'
300,'In the Heat of the Night','intheheatofthenight',1967,'U.S.'
301,'Bunny','bunny',1998,'U.S.'
302,'Ice Age','iceage',2002,'U.S.'
303,'Deuce Bigalow: Male Gigolo','deucebigalow',1999,'U.S.'
304,'A Better Tomorrow','abettertomorrow',1986,'Hong Kong'
305,'Charlie\'s Angels','charliesangels',2000,'U.S.'
306,'Wonder Seven','wonderseven',1994,'Hong Kong'
307,'Pulp Fiction','pulpfiction',1994,'U.S.'
308,'Traffik','traffik',1989,'U.K.'
309,'All About Eve','allabouteve',1950,'U.S.'
310,'Rashomon','rashomon',1950,'Japan'
311,'Lilies of the Field','liliesofthefield',1963,'U.S.'
312,'My School Mate, The Barbarian','myschoolmate',2001,'Hong Kong'
313,'Serpico','serpico',1973,'U.S.'
314,'In the Bedroom','inthebedroom',2001,'U.S.'
315,'The Lord of the Rings: The Two Towers','twotowers',2002,'New Zealand'
316,'The Ipcress File','ipcressfile',1965,'U.K.'
317,'My Left Eye Sees Ghosts','mylefteyeseesghosts',2002,'Hong Kong'
318,'Die Another Day','dieanotherday',2002,'U.S.'
319,'Z','z',1969,'Algeria / France'
320,'Austin Powers in Goldmember','goldmember',2002,'U.S.'
321,'La Virgen de los Sicarios (aka, Our Lady of the Assassins)','ourlady',2000,'Columbia'
322,'The Gingko Bed','gingkobed',1996,'South Korea'
323,'Rushmore','rushmore',1998,'U.S.'
324,'Swordsman','swordsman',1990,'Hong Kong'
325,'Lilo &#38; Stitch','liloandstitch',2002,'U.S.'
326,'Caddyshack','caddyshack',1980,'U.S.'
327,'National Security','nationalsecurity',2003,'U.S.'
328,'Juliet of the Spirits','julietofthespirits',1965,'Italy'
329,'12 Angry Men','12angrymen',1957,'U.S.'
330,'Kanzo Sensei (aka, Dr. Akagi)','kanzosensei',1998,'Japan'
331,'The Pianist','thepianist',2002,'Poland'
332,'Shanghai Knights','shanghaiknights',2003,'U.S. / U.K.'
333,'Stolen Moments','stolenmoments',2001,'U.S.'
334,'Faat Kine','faatkine',2000,'Senegal'
335,'Badlands','badlands',1973,'U.S.'
336,'Some Like It Hot','somelikeithot',1959,'U.S.'
337,'Daredevil','daredevil',2003,'U.S.'
338,'Bullitt','bullitt',1968,'U.S.'
339,'Arsenic and Old Lace','aresenicandoldlace',1944,'U.S.'
340,'Barbershop','barbershop',2002,'U.S.'
341,'Cradle 2 The Grave','cradle2thegrave',2003,'U.S.'
342,'Magnificent Butcher','magnificentbutcher',1979,'Hong Kong'
343,'La Belle et la B&#234;te','beautyandthebeast',1946,'France'
344,'Dragon Inn','dragoninn',1966,'Taiwan'
345,'Escorts Over Tiger Hills','escortsovertigerhills',1969,'Hong Kong / Taiwan'
346,'Undercover Brother','undercoverbrother',2002,'U.S.'
347,'Hero','hero',2002,'China'
348,'Ningen no Joken I (aka, The Human Condition I: No Greater Love)','humanconditioni',1959,'Japan'
349,'Moonraker','moonraker',1979,'U.K. / France'
350,'Election','election',1999,'U.S.'
351,'Anger Management','angermanagement',2003,'U.S.'
352,'Better Luck Tomorrow','betterlucktomorrow',2002,'U.S.'
353,'Infernal Affairs','infernalaffairs',2002,'Hong Kong'
354,'Rikyu','rikyu',1989,'Japan'
355,'Made','made',2001,'U.S.'
356,'Joint Security Area','jsa',2000,'South Korea'
357,'GoldenEye','goldeneye',1995,'U.K.'
358,'X2','x2',2003,'U.S.'
359,'Yes, Madam','yesmadam',1985,'Hong Kong'
360,'Three Days of the Condor','threedaysofthecondor',1975,'U.S.'
361,'Sen to Chihiro no Kamikakushi (aka, Spirited Away)','sentochihironomakimakushi',2001,'Japan'
362,'Armageddon','armageddon',1998,'U.S.'
363,'The Sting','thesting',1973,'U.S.'
364,'Strangers On A Train','strangersonatrain',1951,'U.S.'
365,'My Wife Is A Gangster','mywifeisagangster',2001,'South Korea'
366,'Trainspotting','trainspotting',1996,'U.K.'
367,'The Italian Job','italianjob',2003,'U.S.'
368,'The Matrix Reloaded','matrixreloaded',2003,'U.S.'
369,'Get Carter','getcarter',1971,'U.K.'
370,'The Killing Fields','killingfields',1984,'U.K.'
371,'Goldfinger','goldfinger',1964,'U.K.'
372,'Spellbound','spellbound',1945,'U.S.'
373,'28 Days Later...','28dayslater',2003,'U.K.'
374,'Gone With The Wind','gonewiththewind',1939,'U.S.'
375,'My Cousin Vinny','mycousinvinny',1992,'U.S.'
376,'12 Monkeys','12monkeys',1995,'U.S.'
377,'Shanghai Noon','shanghainoon',2000,'U.S.'
378,'Charlie\'s Angels: Full Throttle','fullthrottle',2003,'U.S.'
379,'Nurse Betty','nursebetty',2000,'U.S.'
380,'The Mind Traveller: Oliver Sacks -- Shane: Tourette\'s Syndrome','themindtraveller',1998,'U.K.'
381,'Joshuu Sasori: Dai-41 Zakkyo-Bou (aka, Female Convict Scorpion: Jailhouse 41)','femaleconvictscorpion',1972,'Japan'
382,'Punch-Drunk Love','punchdrunklove',2002,'U.S.'
383,'The Princess Bride','princessbride',1987,'U.S.'
384,'Sid and Nancy','sidandnancy',1986,'U.S. / U.K.'
385,'Jazz: Episode One - Gumbo','jazzepisodeone',2001,'U.S. / U.K.'
386,'Jazz: Episode Two - The Gift','jazzepisodetwo',2001,'U.S. / U.K.'
387,'Coal Miner\'s Daughter','coalminersdaughter',1980,'U.S.'
388,'Tombstone','tombstone',1993,'U.S.'
389,'Ringu','ringu',1998,'Japan'
390,'Jazz: Episode Three - Our Language','jazzepisodethree',2001,'U.S. / U.K.'
391,'Starship Troopers','starshiptroopers',1997,'U.S.'
392,'Seeing Red','seeingred',1983,'U.S.'
393,'The Pink Panther','pinkpanther',1964,'U.S. / U.K.'
394,'Casa de los Babys','casadelosbabys',2003,'U.S.'
395,'King of New York','kingofnewyork',1990,'U.S.'
396,'The Visitors','thevisitors',1993,'France'
397,'Chunhyang','chunhyang',2000,'South Korea'
398,'The Man Who Shot Liberty Valance','libertyvalance',1962,'U.S.'
399,'Seabiscuit','seabiscuit',2003,'U.S.'
400,'Tandem (aka, Chikan Densha Hitozuma-hen: Okusama wa Chijo)','tandem',1994,'Japan'
401,'Hi! Dharma!','hidharma',2001,'South Korea'
402,'Monty Python\'s The Meaning of Life','themeaningoflife',1983,'U.K.'
403,'Zatouichi Monogatari','zatouichimonogotari',1962,'Japan'
404,'Limbo','limbo',1999,'U.S.'
405,'Once Upon A Time In Mexico','onceuponatimeinmexico',2003,'Mexico / U.S.'
406,'Once Upon A Time In America','onceuponatimeinamerica',1984,'U.S.'
407,'Sex: The Annabel Chong Story','sex',1999,'U.S.'
408,'When We Were Kings','whenwewerekings',1996,'U.S.'
409,'Investigation of a Citizen Above Suspicion','investigationofacitizen',1970,'Italy'
410,'Bubba Ho-Tep','bubbahotep',2002,'U.S.'
411,'Head of State','headofstate',2003,'U.S.'
412,'The Tailor of Panama','tailorofpanama',2001,'U.S.'
413,'The Mack','themack',1973,'U.S.'
414,'Lianna','lianna',1983,'U.S.'
415,'Kill Bill Volume 1','killbillvol1',2003,'U.S.'
416,'Mystic River','mysticriver',2003,'U.S.'
417,'The Quiet American','thequietamerican',2002,'U.S.'
418,'The Killing of a Chinese Bookie','killingofachinesebookie',1976,'U.S.'
419,'The School of Rock','schoolofrock',2003,'U.S.'
420,'Les Triplettes de Belleville','triplettes',2003,'France / Belgium / Canada'
421,'Centre Stage','centrestage',1992,'Hong Kong'
422,'Secretary','secretary',2002,'U.S.'
423,'8 Mile','8mile',2002,'U.S.'
424,'Zero Effect','zeroeffect',1998,'U.S.'
425,'Big Fish','bigfish',2003,'U.S.'
426,'Snow Falling on Cedars','snowfallingoncedars',1999,'U.S.'
427,'The Good, the Bad and the Ugly','thegoodthebadandtheugly',1966,'Italy'
428,'The Lord of the Rings: The Return of the King','returnoftheking',2003,'New Zealand'
429,'Peter Pan','peterpan',2003,'U.S.'
430,'The Battle of Algiers','battleofalgiers',1965,'Algeria / Italy'
431,'Arabian Nights','arabiannights',2000,'U.S.'
432,'Doctor Zhivago','drzhivago',1965,'U.S.'
433,'The Brother From Another Planet','brotherfromanotherplanet',1984,'U.S.'
434,'Capturing the Friedmans','capturingthefriedmans',2003,'U.S.'
435,'Close Encounters of the Third Kind','closeencounters',1977,'U.S.'
436,'My Sassy Girl (aka, Yupki Girl)','mysassygirl',2001,'South Korea'
437,'The Great Escape','greatescape',1963,'U.S.'
438,'Murder By Death','murderbydeath',1976,'U.S.'
439,'Mirai Shounen Konan (aka, Future Boy Conan)','futureboyconan',1978,'Japan'
440,'Failan','failan',2001,'South Korea'
441,'Basic Instinct','basicinstinct',1992,'U.S.'
442,'My Architect: A Son\'s Journey','myarchitect',2003,'U.S.'
443,'Firefly','firefly',2002,'U.S.'
444,'The Navigators','thenavigators',2001,'U.K.'
445,'Return of the Secaucus 7','returnofthesecaucus7',1980,'U.S.'
446,'Classic','classic',2003,'South Korea'
447,'Kaze no Tani no Naushika (aka, Nausica&#228; of the Valley of the Winds)','kazenotaninonaushika',1984,'Japan'
448,'Eternal Sunshine of the Spotless Mind','eternalsunshine',2004,'U.S.'
449,'Hellboy','hellboy',2004,'U.S.'
450,'The Girl Next Door','girlnextdoor',2004,'U.S.'
451,'Spring, Summer, Fall, Winter... and Spring','springsummer',2003,'South Korea'
452,'Easy Rider','easyrider',1969,'U.S.'
453,'Azumi','azumi',2003,'Japan'
454,'Tasogare Samurai (aka, Twilight Samurai)','tasogaresamurai',2002,'Japan'
455,'Menace II Society','menaceiisociety',1993,'U.S.'
456,'The Rundown','therundown',2003,'U.S.'
457,'The Medallion','themedallion',2003,'Hong Kong / U.S.'
458,'Johnny English','johnnyenglish',2003,'U.K.'
459,'Secondhand Lions','secondhandlions',2003,'U.S.'
460,'My Big Fat Greek Wedding','mybigfatgreekwedding',2002,'U.S.'
461,'Down To Earth','downtoearth',2001,'U.S.'
462,'My Boss\'s Daughter','mybosssdaughter',2003,'U.S.'
463,'Meet The Parents','meettheparents',2000,'U.S.'
464,'Monster','monster',2003,'U.S.'
465,'My Baby\'s Daddy','mybabysdaddy',2004,'U.S.'
466,'Drunken Master II','drunkenmaster2',1994,'Hong Kong'
467,'My Wife Is A Gangster 2','mywifeisagangster2',2003,'South Korea'
468,'The Story of the Weeping Camel','storyoftheweepingcamel',2003,'Mongolia'
469,'Oasis','oasis',2002,'South Korea'
470,'Vibrator','vibrator',2003,'Japan'
471,'The Spook Who Sat by the Door','thespookwhosatbythedoor',1973,'U.S.'
472,'Negroes with Guns: Rob Williams and Black Power','negroeswithguns',2003,'U.S.'
473,'Around the World in 80 Days','aroundtheworldin80days',2004,'U.S.'
474,'Fahrenheit 9/11','fahrenheit911',2004,'U.S.'
475,'Spider-Man 2','spiderman2',2004,'U.S.'
476,'Control Room','controlroom',2004,'U.S.'
477,'Sympathy for Mr. Vengeance','sympathyformrvengeance',2002,'South Korea'
478,'Shurayukihime (aka, Lady Snowblood)','shurayukihime',1973,'Japan'
479,'They Live','theylive',1988,'U.S.'
480,'Oldboy','oldboy',2003,'South Korea'
481,'Tell Me Something','tellmesomething',1999,'South Korea'
482,'Kick The Moon','kickthemoon',2001,'South Korea'
483,'Love Letter','loveletter',1995,'Japan'
484,'Foul King','foulking',2000,'South Korea'
485,'Hearts and Minds','heartsandminds',1974,'U.S.'
486,'Oh! Soo-Jung (aka, Virgin Stripped Bare By Her Bachelors)','ohsoojung',2000,'South Korea'
487,'Take Care of My Cat','takecareofmycat',2001,'South Korea'
488,'Collateral','collateral',2004,'U.S.'
489,'Clash of the Titans','clashofthetitans',1981,'U.K.'
490,'Planet of the Apes','planetoftheapes',1968,'U.S.'
491,'Nikita (aka, La Femme Nikita)','nikita',1990,'France'
492,'Napoleon Dynamite','napoleondynamite',2004,'U.S.'
493,'Taegukgi Hwinalrimyeo','taegukgi',2004,'South Korea'
494,'Zatouichi (aka, The Blind Swordsman: Zatoichi)','zatouichi',2003,'Japan'
495,'Kill Bill Volume 2','killbillvol2',2004,'U.S.'
496,'Anarchists','anarchists',2002,'South Korea'
497,'Nabi','nabi',2001,'South Korea'
498,'The Way Home','thewayhome',2002,'South Korea'
499,'Samaria (aka, Samaritan Girl)','samaria',2004,'South Korea'
500,'A Good Lawyer\'s Wife','agoodlawyerswife',2003,'South Korea'
501,'Musa','musa',2001,'South Korea'
502,'Lily Chou-Chou no Subete (aka, All About Lily Chou-Chou)','allaboutlilychouchou',2001,'Japan'
503,'State of Siege','stateofsiege',1973,'France'
504,'Shaun of the Dead','shaunofthedead',2004,'U.K.'
505,'Without a Paddle','withoutapaddle',2004,'U.S.'
506,'Asako in Ruby Shoes','asakoinrubyshoes',2000,'South Korea'
507,'Wanee &amp; Junah','waneeandjunah',2001,'South Korea'
508,'Ju-On','ju-on',2003,'Japan'
509,'Hamlet','hamlet',1996,'U.K.'
510,'Bottle Rocket','bottlerocket',1996,'U.S.'
511,'Kwaidan','kwaidan',1964,'Japan'
512,'Banshun (aka, Late Spring)','banshun',1949,'Japan'
513,'About A Boy','aboutaboy',2002,'U.K.'
514,'The Incredibles','theincredibles',2004,'U.S.'
515,'Ray','ray',2004,'U.S.'
516,'The Fog of War','fogofwar',2003,'U.S.'
517,'House of Flying Daggers','houseofflyingdaggers',2004,'China'
518,'The Quiet Family','quietfamily',1998,'South Korea'
519,'New Police Story','newpolicestory',2004,'Hong Kong'
520,'The Huadu Chronicles: Blade of the Rose (aka, The Twins Effect II)','twinseffect2',2004,'Hong Kong'
521,'Garden State','gardenstate',2004,'U.S.'
522,'Touching the Void','touchingthevoid',2003,'U.K.'
523,'Best in Show','bestinshow',2000,'U.S.'
524,'Before Sunrise','beforesunrise',1995,'U.S.'
525,'Sky Blue','skyblue',2003,'South Korea'
526,'Before Sunset','beforesunset',2004,'U.S.'
527,'Eyes on the Prize II: A Nation of Law?','nationoflaw',1990,'U.S.'
528,'Barton Fink','bartonfink',1991,'U.S.'
529,'Ong-Bak','ongbak',2003,'Thailand'
530,'Maria Full of Grace','mariafullofgrace',2004,'U.S. / Columbia'
531,'Whale Rider','whalerider',2002,'New Zealand'
532,'The Gods Must Be Crazy','godsmustbecrazy',1980,'Botswana'
533,'Bench It Like Beckham','benditlikebeckham',2002,'U.K.'
534,'Lola Rennt (aka, Run Lola Run)','runlolarun',1998,'Germany'
535,'Saved!','saved',2004,'U.S.'
536,'Warriors of Heaven and Earth','warriorsofheavenandearth',2003,'China / Hong Kong'
537,'Notorious','notorious',1946,'U.S.'
538,'Cidade de Deus (aka, City of God)','cityofgod',2002,'Brazil'
539,'Gunner Palace','gunnerpalace',2004,'U.S.'
540,'Frontline: A Class Divided','aclassdivided',1985,'U.S.'
541,'Kung Fu Hustle','kungfuhustle',2004,'China / Hong Kong'
542,'Muriel\'s Wedding','murielswedding',1994,'Australia'
543,'Good Bye Lenin!','goodbyelenin',2003,'Germany'
544,'Henry &amp; June','henryandjune',1990,'U.S.'
545,'Akarui Mirai (aka, Bright Future)','akaruimirai',2003,'Japan'
546,'Unleashed','unleashed',2005,'U.K. / France'
547,'The Hitchhiker\'s Guide to the Galaxy','hitchhikersguide',2005,'U.K.'
548,'Monty Python Live at the Hollywood Bowl','liveatthehollywoodbowl',1982,'U.S.'
549,'Star Wars: Episode III - Revenge of the Sith','episode3',2005,'U.S.'
550,'Monty Python\'s Flying Circus: Live at Aspen','liveataspen',1998,'U.S.'
551,'Kill \'em All','killemall',1999,'U.K.'
552,'Sir! No Sir!','sirnosir',2005,'U.S.'
553,'Batman Begins','batmanbegins',2005,'U.S.'
554,'Magnificent Seven','magnificentseven',1960,'U.S.'
555,'Crash','crash',2004,'U.S.'
556,'Last Life in the Universe','lastlife',2003,'Thailand'
557,'Dolls','dolls',2002,'Japan'
558,'La Marche de l\'empereur (aka, March of the Penguins)','marchofthepenguins',2005,'France / Antarctica'
559,'Jackie Brown','jackiebrown',1997,'U.S.'
560,'Come Drink with Me','comedrinkwithme',1966,'Hong Kong'
561,'Serenity','serenity',2005,'U.S.'
562,'Someone Special','someonespecial',2004,'South Korea'
563,'C\'era una Volta il West (aka, Once Upon a Time in the West)','onceuponatimeinthewest',1968,'Italy / U.S.'
564,'Diarios de Motocicleta (aka, Motorcycle Diaries)','motorcyclediaries',2004,'U.S. / Argentina / Chile / Peru'
565,'Battlestar Galactica','battlestargalactica',2003,'U.S.'
566,'Purple Butterfly','purplebutterfly',2003,'China'
567,'Waikiki Brothers','waikikibrothers',2001,'South Korea'
568,'Wallace & Gromit in The Curse of the Were-Rabbit','wererabbit',2005,'U.K.'
569,'Charlie and the Chocolate Factory','charliechocolatefactory',2005,'U.S. / U.K.'
570,'The Myth','themyth',2005,'Hong Kong'
571,'A Close Shave','closeshave',1995,'U.K.'
572,'The Wrong Trousers','wrongtrousers',1993,'U.K.'
573,'A Grand Day Out','granddayout',1989,'U.K.'
574,'Syriana','syriana',2005,'U.S.'
575,'Brokeback Mountain','brokeback',2005,'U.S.'
576,'Gi&ugrave; la testa (aka, Duck, You Sucker)','duckyousucker',1971,'Italy'
577,'301, 302','301302',1995,'South Korea'
578,'About Schmidt','aboutschmidt',2002,'U.S.'
579,'Banlieue 13','banlieue13',2004,'France'
580,'The Boys of Baraka','boysofbaraka',2005,'U.S.'
581,'Dirty Harry','dirtyharry',1971,'U.S.'
582,'Duelist (aka, Hyeongsa)','duelist',2005,'South Korea'
583,'Executioners from Shaolin','executionersfromshaolin',1977,'Hong Kong'
584,'Seppuku (aka, Harakiri)','harakiri',1962,'Japan'
585,'His Girl Friday','hisgirlfriday',1939,'U.S.'
586,'King Kong','kingkong',2005,'U.S.'
587,'Lady Vengeance (aka, Sympathy for Lady Vengeance)','ladyvengeance',2005,'South Korea'
588,'Memories of Murder','memoriesofmurder',2003,'South Korea'
589,'Post Concussion','postconcussion',1999,'U.S.'
590,'Silmido','silmido',2003,'South Korea'
591,'Sorum','sorum',2001,'South Korea'
592,'The End of Suburbia: Oil Depletion and the Collapse of the American Dream','theendofsuburbia',2004,'U.S.'
593,'The Unforgiven','theunforgiven',2005,'South Korea'
594,'The Yes Men','theyesmen',2004,'U.S.'
595,'Wrestling Grounds','wrestlinggrounds',2006,'Senegal'
596,'X-Men: The Last Stand','xmen3',2006,'U.S.'
597,'The Johnstown Flood','johnstownflood',1989,'U.S.'
598,'Pale Male','palemale',2002,'U.S.'
599,'Tsotsi','tsotsi',2005,'South Africa'
600,'Fearless','huoyuanjia',2006,'China / Hong Kong'
601,'Yasu (aka, Running Wild)','yasu',2006,'South Korea'
602,'Wedding Crashers','weddingcrashers',2005,'U.S.'
603,'Mr. Handy','mrhandy',2004,'South Korea'
604,'The Host (aka, Gwoemul)','thehost',2006,'South Korea'
605,'The Greatest Expectation\n(aka, Widaehan Yusan)','greatestexpectation',2003,'South Korea'
606,'Akeelah and the Bee','akeelahandthebee',2006,'U.S.'
607,'Blazing Saddles','blazingsaddles',1974,'U.S.'
608,'The Constant Gardener','constantgardener',2005,'U.K. / Kenya'
609,'North Country','northcountry',2005,'U.S.'
610,'See You After School (aka, Bangkwahoo Oksang)','seeyouafterschool',2006,'South Korea'
611,'Sin City','sincity',2005,'U.S.'
612,'The Promise','thepromise',2005,'China'
613,'V for Vendetta','vforvendetta',2005,'U.K. / U.S.'
614,'Volver','volver',2006,'Spain'
615,'Munich','munich',2005,'U.S.'
616,'The Last King of Scotland','lastkingofscotland',2006,'U.K.'
617,'Little Miss Sunshine','littlemisssunshine',2006,'U.S.'
618,'The Namesake','thenamesake',2007,'India / U.S.'
619,'Finishing the Game','finishingthegame',2006,'U.S.'
620,'White Light/Black Rain','whitelightblackrain',2006,'U.S.'
621,'Mushishi (aka Bugmaster)','mushishi',2006,'Japan'
622,'Dark Matter','darkmatter',2007,'U.S.'
623,'Animation Spotlight','animationspotlight2007',2007,'U.S.'
624,'Shorts Program III','shortsprogramiii2007',2007,'U.S.'
625,'Eagle vs. Shark','eaglevsshark',2006,'New Zealand'
626,'Voice of a Murderer (aka, Geu nom moksori)','voiceofamurderer',2007,'South Korea'
627,'Yureru (aka, Sway)','sway',2006,'Japan'
